primer,read,index
KAM4358,R1,TGAAGACATG
KAM4359,R1,TAGCTGATAG
KAM4360,R1,ATACATAGCT
KAM4361,R1,CTTAGTCCAA
KAM4423,R1,TCTGTCCGCA
KAM4424,R1,AGCAGTATCG
KAM4425,R1,ACACAACATG
KAM4426,R1,ATCTTGTAAG
KAM4427,R1,TCGAGACACG
KAM4428,R1,CGTAATTCCA
KAM4429,R1,GGAGATATAT
KAM4430,R1,CTGTCATTCG
KAM4431,R1,CAGCCTCCTT
KAM4432,R1,CTACGCAGGA
KAM4433,R1,CTTCGTTAAG
KAM4434,R1,GTGCCTCGGT
KAM4354,R2,CTTCACTGGA
KAM4355,R2,ATCCTGTTGA
KAM4356,R2,CCTAGGTGTG
KAM4357,R2,AGAGGTAGAC
KAM4411,R2,ATTAGACGCG
KAM4412,R2,AGAATCGTTC
KAM4413,R2,CTAAGAATAC
KAM4414,R2,CGTCATAGTC
KAM4415,R2,CTCTTGGCGC
KAM4416,R2,TAACCGGCTA
KAM4417,R2,CCTCAGCAGC
KAM4418,R2,ATGCGCTAGG
KAM4419,R2,TCCAGCACTC
KAM4420,R2,TGCGTAATCC
KAM4421,R2,ACAATCCGTT
KAM4422,R2,CTTAGTGCGC